accountid,firstname,lastname,email,gender,suffix,mobilenumber,statecode,username,middleinitial,birthdate
7ff0e5d6-3496-43c5-9ac5-fa6a4df93d12,9ae31817-f86d-4966-ab78-a900fa42e678,14a87d8d-5d50-4dc5-83c8-77b91bb91e52,btapqrkevgpnxwdqvfkn@meqdfjerms.com,300355c4-7e94-405e-a829-61d5759aaa44,66e4d232-ba1a-4425-a14e-4da4f6bc4a21,0b5b7773-2146-4a40-937e-266299e35da3,HS,ba5a4b1e-f48e-4496-8950-c097d696981e,67a7863b-9646-4d09-bb04-b8fd00b947f4,1285-01-12
5a265a9e-f8c7-468e-ace1-a450726a78b4,0bd7606f-0847-49b1-8be1-4867579c328e,a20bb089-ae34-454f-a642-ff2e66d2c975,eewdzbbcyfrczftkpmhe@nmcmsvtsyl.com,c6c7bf9e-3df8-4a41-b991-2b349c339b7a,66e4d232-ba1a-4425-a14e-4da4f6bc4a21,87e85bfc-ab60-49fa-ac11-eb3749882bc7,MM,0240c6bb-06c2-4a00-a432-102f4f70f096,6ced7c94-18bd-4b2d-93fa-bd65945a88f1,1788-07-28
d459696f-01e6-4b80-b09d-a6b50836ca64,75cbb052-fb81-48be-aa57-11b3839864c7,92ff976c-91d1-43e9-bb99-4c8dcefbf3cf,lmqbaezzqzdwggeehykt@ibhglcdeut.com,300355c4-7e94-405e-a829-61d5759aaa44,e265a687-d9ed-49de-bd2c-3fb2476baaf7,b5994d0a-0431-4ffc-bcb8-f4a727bf328a,MM,ae00c871-4953-43f5-a751-1deba6624659,99cd5b62-79ed-4873-8be9-a1e232fcb304,9676-04-27
bbeef812-f259-4600-a0b9-2f1436be1df2,77688d7c-2d46-4244-873e-2140a28cafc8,267556e5-6f95-4a0b-b325-7636d1b79224,jkxfhrfrdriqwjsbpfou@plmkdcsgbf.com,300355c4-7e94-405e-a829-61d5759aaa44,a01de81e-b83f-47a1-a713-2373da8fd710,8d9f1314-a0aa-4aa8-88d7-7e88f0919055,JY,56678059-f925-4913-a088-d138d0c03db4,d1364fb6-92a9-4479-8685-b14d21393742,7539-02-08
89cc859e-993e-4959-ac2c-a0a966dc4ae3,b5cdee4d-3c86-4acb-85d5-720aadf6c97e,44b51ad9-9a12-4400-8106-312f53451ad2,zttuwitppbnzcavxlmzg@axibycyqrn.com,c6c7bf9e-3df8-4a41-b991-2b349c339b7a,a01de81e-b83f-47a1-a713-2373da8fd710,34246c9b-6885-4675-a62b-63ece614210b,DI,ad2970b0-a2cc-4323-9a0b-9b57e9154628,6dd48f16-1b2e-4d25-bf6e-199f42c9f904,1358-02-07
4daf9ed1-8029-4d67-8a2f-9f9a0624c43c,1f06c855-3cf1-4234-a582-1eab1f4bde03,17200ab9-fb49-4f98-999f-03e527eb1766,pugprhnptxzhdnhqvyuf@kwjrksyrgq.com,c6c7bf9e-3df8-4a41-b991-2b349c339b7a,66e4d232-ba1a-4425-a14e-4da4f6bc4a21,2d371a4b-ae69-49e6-89be-dfeff33cece9,JM,20f1a49c-af97-4bf0-b023-347bfe335d3b,4438fba0-d821-4e69-9b5d-16a56b2ec278,0748-07-12
ac3d54f6-6b88-4dce-9d0e-a6de088c50d1,93571f94-4640-47fd-b9c6-f6eafa8e55ef,07ccde6a-d142-4825-bb78-c52f4a9c3024,bzcxcpfletufkrruzrxv@ifujbxqebh.com,c6c7bf9e-3df8-4a41-b991-2b349c339b7a,66e4d232-ba1a-4425-a14e-4da4f6bc4a21,692f4366-3b27-4ca8-b377-2ef2cfb36eaa,HS,adc44033-7943-4621-b40f-65fe4655a399,abb44c22-7c13-413e-b18b-025146199384,5322-03-04
cc5b5448-84ae-4f6b-9efb-28fc3cc0dee7,269bf555-1db4-4079-b6cf-a8574d241402,900dff9e-89bb-4f6e-bfd8-1f9de3c7dc00,mszystlzyagowlvpqhrj@srnynkrkzl.com,c6c7bf9e-3df8-4a41-b991-2b349c339b7a,e07a203d-ea0b-420b-8063-36917124f99b,7e40600d-887f-45bb-ba39-b5dac05e824d,SH,1ecf72ec-3d25-43ba-958d-84f5ed1c2982,8386fb83-cc7b-45d8-873d-685ce3bf1617,8262-03-16
c7c8a86f-495f-48b8-9dca-39b679fcb9d1,a7287268-c260-4d7b-b919-0ec54c0732be,4aa1a13e-e2a1-4c64-b8ca-0c8bb9fec9e0,uhkilyukpfrbzdgjyzrp@rusgoeaehl.com,c6c7bf9e-3df8-4a41-b991-2b349c339b7a,e265a687-d9ed-49de-bd2c-3fb2476baaf7,03eea7bc-b458-4649-8dc6-715a8fc1d43a,YK,1a338a9a-0842-460e-bc3f-6d6d4ff60103,8afcda0b-472b-4998-800f-a75cba38b17a,7521-03-26
3a6015af-0fa4-4158-bab8-ccaf6514f3d9,846de630-9d5a-49cc-a2b1-306a501d18e2,613883bb-a01f-4948-b9c7-25ed5b39f74d,mfwuufrdzmbudbvyrcvy@zdhitaatwo.com,c6c7bf9e-3df8-4a41-b991-2b349c339b7a,e07a203d-ea0b-420b-8063-36917124f99b,225db14f-4b73-4804-a357-239cbd4b1ad9,WE,fc6d2021-b843-408d-89d3-49fc5f94b748,57c42bfc-97ee-475f-a941-a4cd41257c2f,9958-01-29
391d5c2f-3fc2-4a34-ac31-a1242c9e2e86,659fad6b-e3a6-42fd-93bc-e515177bd90f,d5a971e1-bb7d-4db0-b1b7-ed2429aa74eb,zkztyfxvfvbxuqylmwtw@psqvltrntg.com,300355c4-7e94-405e-a829-61d5759aaa44,c2d7b7be-a1ac-40d7-92d6-176245c7409d,598836fc-96d7-4c6f-9896-33debcdf6d53,CH,4b6e1de7-8385-47d7-9f22-1744d7f2d4c5,6df7a76c-611b-4ae4-883e-273b8011ec55,3623-08-17
8d7ecdf7-0d64-44c4-8fff-ef1c92f0edd5,bf182a5c-95c3-4c0e-936e-cb88a1c93da1,cec475d6-074b-44a4-aeb9-02c441a9169d,gcogodojxrvbszgfoilx@brjhfhaqrr.com,c6c7bf9e-3df8-4a41-b991-2b349c339b7a,a01de81e-b83f-47a1-a713-2373da8fd710,65e0b84b-ee0e-4e34-ab92-1f8374b801b6,SH,4a48f7c9-fd0c-46a5-be62-b49b14bc4fbb,2d8b0bfc-2028-4d30-b7c7-57516d55a760,0913-04-27
decd672a-cae6-476b-8529-60c3f4f58180,c9f99417-238c-4d0e-ba05-10892dc7bedd,29c38009-ea8d-4d07-a766-3137f0c684fd,jcvxckvrnyuvmxvtksge@dnklwxscqx.com,300355c4-7e94-405e-a829-61d5759aaa44,e265a687-d9ed-49de-bd2c-3fb2476baaf7,a5e2ed4e-485e-4338-922c-3f139438d620,HS,755d776b-5c4a-4783-aa0d-a63451508de8,00a79450-d97e-48bf-907a-46f1fd73e4fa,0576-08-05
0e6426a5-69e5-46c6-8c32-b030a619ef12,e6cf80ab-4202-46f0-84a7-575ad7520680,83e5b2ec-f527-44ed-ae68-73435a31bfb8,zmuruwdspznobpufcymi@njlftfwwiu.com,c6c7bf9e-3df8-4a41-b991-2b349c339b7a,c2d7b7be-a1ac-40d7-92d6-176245c7409d,03bb8d72-8cc8-411a-901a-7b3850268271,MI,ba0a212b-4a37-4cfb-a6c0-ade53ca7bc24,b5b61934-cca3-464b-b729-880806b06458,4117-03-02
c93df5cc-f08e-4358-9bd7-dc15623e96f2,abca6c84-db49-4e8e-8777-75f6261c649c,b587e6af-3e56-4c88-8b4a-9767f3f050e5,pcdjwkzwfjudaosmqcpm@hystieiuoj.com,300355c4-7e94-405e-a829-61d5759aaa44,e265a687-d9ed-49de-bd2c-3fb2476baaf7,0ad89bd9-a1b9-48a2-8b7f-d457774610a5,PO,d2c3207b-0b94-40f4-9440-895cbaf287d8,2ce44335-29d3-4ee4-bb1e-26dfccfb2187,0439-08-25
661c6efe-5880-4132-981b-3e94243c05eb,daa1c916-1d4c-4241-a069-a5daacd6b4fd,02d740d3-60e8-4944-a78b-337cf7a8af30,jwlendvbytaathebkmaz@wsluppdret.com,300355c4-7e94-405e-a829-61d5759aaa44,66e4d232-ba1a-4425-a14e-4da4f6bc4a21,bec8dad4-f2b4-482c-8b46-71cd2b4c9c90,NC,d394e853-e68d-4b3c-a845-dc95b917d4c2,1e1addd6-de42-4cd2-8522-28043178d849,7700-06-19
dc4108c4-95e2-4e48-9d71-e8b4209ba4d4,2d161550-5f5d-492f-a0bc-e785745921e5,509af33a-a198-4129-a00c-4cff687ae2f8,wxomskxrxqxcahmcwovx@gjrvbfdigg.com,c6c7bf9e-3df8-4a41-b991-2b349c339b7a,66e4d232-ba1a-4425-a14e-4da4f6bc4a21,e8ad66eb-5ca4-47e6-a0f5-8017a6a62f1b,ZG,efc7e8f8-6441-4671-a5fa-f234fc15f79d,f375eaee-ec4b-43d0-8da4-ad0d23fdb8fb,0382-06-05
211829c9-6a94-489a-bcc1-a8e500cb3cde,3f4866ed-e711-40ca-987d-46323d25e65a,714b9241-9957-4a4a-82ae-b5e7d08bb642,nfswezvlsuniqtavoloj@ytjkzwyhko.com,c6c7bf9e-3df8-4a41-b991-2b349c339b7a,e265a687-d9ed-49de-bd2c-3fb2476baaf7,70890a51-877e-4adf-9b8a-1611ff33bc05,ZJ,d0bd3d19-a8d1-4882-973d-de502775ec6f,7b1526ae-1ed7-4cfd-954e-195e6d431ac3,3011-03-02
05bc97a7-ecfc-47d0-bae9-31738818e426,0d6a0b37-6e88-48ca-a0c3-cb9788d00ea0,c06774f8-c7b2-405c-869a-2832fac61bc9,tdxfduzakyiccqnskhmm@xngoopcgfc.com,c6c7bf9e-3df8-4a41-b991-2b349c339b7a,e07a203d-ea0b-420b-8063-36917124f99b,3e916146-6697-43b0-8f94-111c812fcf4c,UV,9e91432a-754b-45d0-ab2f-f5dde6fa6d72,12c0fa15-f067-4656-b514-8516837eb6eb,9555-03-29
3b915c1a-c4f4-4046-8d25-90d8519b6730,ed11a11a-6f74-4983-b8b9-132273daa618,91ecd531-affa-4fab-b4f6-8b324c19ba62,vxbicdsfsbxuyqrvhzbf@afalgmwtgu.com,c6c7bf9e-3df8-4a41-b991-2b349c339b7a,c2d7b7be-a1ac-40d7-92d6-176245c7409d,c3bf88e2-905a-43fa-8f64-bbd06b54bb39,JY,8ebf3b53-748d-41c1-a608-3895d509e92e,cd85011c-57e7-45ce-8ac7-fa407c95a659,6359-07-19
e35f2d13-aadc-4576-848f-e62baf7d97e5,5bfc2f6d-f5e0-471a-974c-92ce1e11fbb9,2037ad89-6120-4ec0-a837-952c43ae68f8,yxbwfrjyefowgxecnawq@nfjdieigek.com,300355c4-7e94-405e-a829-61d5759aaa44,c2d7b7be-a1ac-40d7-92d6-176245c7409d,62ffde53-a002-4b56-8f03-3059fafd63e0,DS,7597a752-ab67-4ec9-9298-9c4f65f70bf1,30c34b8c-39b2-499e-915e-70782ef3045c,5718-09-24
72c4ee20-9214-496f-93d2-30a7f6c9f45f,9169e2be-a489-425e-a5df-5699079bdb05,b769d62a-153f-426a-bf07-105a24b573a5,onsqbyxumlimbjppubns@bxbjeymrdo.com,c6c7bf9e-3df8-4a41-b991-2b349c339b7a,a01de81e-b83f-47a1-a713-2373da8fd710,38ae67f4-eea0-496f-a3b0-51c8e83f382b,LX,48070268-d7f3-418d-a5f1-84e07c75a4c1,ab3b2eb7-53c8-400d-8d2a-f2c7bd7ff75a,2869-08-07
24d7e4e0-c2ec-4ce1-baa2-1ffa9b9c5e9d,0e2ac5f0-2bbb-46bd-a7e7-46414a78f5d6,fcdaf451-d12a-4a0a-8dc6-17eb8d552845,scdskldzazgqrgiefxyx@sgzveqixyt.com,300355c4-7e94-405e-a829-61d5759aaa44,a01de81e-b83f-47a1-a713-2373da8fd710,79def22d-97c6-40b0-9729-f8a28fee32ce,BH,c3571c5e-cefb-4ab3-a4e5-2b0b3f868569,8f3a7b02-ecd9-44de-85c7-a06fedad7164,8853-07-09
f4dccd79-ce4f-4e36-9497-5d0affa6a120,68607177-f2f8-413b-963e-a83b22566665,2750a25d-55d1-4d84-a57d-6da3942f940f,qcbaepuywnsveevrnidi@mhkoktmsrd.com,300355c4-7e94-405e-a829-61d5759aaa44,66e4d232-ba1a-4425-a14e-4da4f6bc4a21,ff4dd76f-9539-41ff-a5da-72395e0ac1b3,SU,4c127e8a-3d4a-48f7-ada6-2373fc52ea3c,b7dabe7b-ddf2-4212-94f0-d23cfb8f6e1b,8661-03-06
151045c7-8de9-480f-a8b1-be8f136cee7f,8f45f02b-cdcc-44b4-a729-e061261f45bd,87b13b06-e70f-49e2-a42f-7cc28dfcd02e,crotuyuzwhodqlzzjigw@xkhxwyhehl.com,c6c7bf9e-3df8-4a41-b991-2b349c339b7a,66e4d232-ba1a-4425-a14e-4da4f6bc4a21,dce0299f-89b5-4bcd-9104-8485b2c6c634,KN,dd602e26-496f-49b7-8e94-0328c78f580b,ba083907-b6a1-4533-ab4f-6e7b4d99423e,9574-03-19
